{
  "updated_at": "2025-09-03T19:12:23Z",
  "currency": "RSD",
  "categories": [
    {
      "name": "Burgeri",
      "items": [
        {
          "id": "bg-classic",
          "name": "Classic Burger",
          "desc": "Junetina 150g, sir, salata, paradajz, sos",
          "price": 380,
          "available": true
        },
        {
          "id": "bg-bbq",
          "name": "BBQ Burger",
          "desc": "Junetina 180g, BBQ sos, karamelizovani luk",
          "price": 440,
          "available": true
        },
        {
          "id": "bg-cheese",
          "name": "Cheeseburger",
          "desc": "Junetina 120g, cheddar, kiseli krastavci",
          "price": 340,
          "available": true
        }
      ]
    },
    {
      "name": "Sendviči",
      "items": [
        {
          "id": "sw-chicken",
          "name": "Pileći sendvič",
          "desc": "Piletina, zelena salata, majonez",
          "price": 320,
          "available": true
        },
        {
          "id": "sw-vege",
          "name": "Vege sendvič",
          "desc": "Pecena paprika, tikvica, feta, sos",
          "price": 300,
          "available": true
        }
      ]
    },
    {
      "name": "Pomfrit & dodaci",
      "items": [
        {
          "id": "fries-sm",
          "name": "Pomfrit (mali)",
          "desc": "",
          "price": 180,
          "available": true
        },
        {
          "id": "fries-lg",
          "name": "Pomfrit (veliki)",
          "desc": "",
          "price": 220,
          "available": true
        },
        {
          "id": "sos-garlic",
          "name": "Beli sos",
          "desc": "Čen belog luka, jogurt",
          "price": 60,
          "available": true
        }
      ]
    },
    {
      "name": "Pića",
      "items": [
        {
          "id": "cola-033",
          "name": "Coca-Cola 0.33",
          "desc": "limenka",
          "price": 150,
          "available": true
        },
        {
          "id": "fanta-05",
          "name": "Fanta 0.5",
          "desc": "plastična boca",
          "price": 180,
          "available": true
        },
        {
          "id": "water",
          "name": "Voda 0.5",
          "desc": "",
          "price": 120,
          "available": true
        }
      ]
    }
  ]
}